Query,Response
How can I open a new bank account?,"To open a new bank account, visit our website and click on 'Open Account' or visit any of our branches with your identification documents."
What do I need to provide to open a bank account?,"You will need to provide a valid ID, proof of address, and your Social Security Number or equivalent identification number."
How can I check my account balance?,You can check your account balance by logging into our online banking portal or mobile app. You can also check your balance at an ATM.
How do I transfer money between accounts?,"Log into your online banking account or mobile app, select 'Transfer Funds,' choose the accounts, and enter the amount you wish to transfer."
Can I set up direct deposit for my paycheck?,"Yes, you can set up direct deposit by providing your employer with your account number and our bank's routing number."
How do I report a lost or stolen debit card?,Report a lost or stolen debit card immediately by calling our customer service at 1-800-123-4567 or through our mobile app.
What should I do if I forget my online banking password?,Click on 'Forgot Password' on the login page and follow the instructions to reset your password using your registered email address.
How can I apply for a loan?,"To apply for a loan, visit our website and fill out the online application form or visit one of our branches to speak with a loan officer."
What are your current interest rates for savings accounts?,Please visit our website or contact customer service for the most up-to-date information on interest rates for savings accounts.
How do I close my bank account?,"To close your bank account, visit a branch with your ID and any remaining checks or cards. Alternatively, you can request account closure through online banking."
Can I update my personal information online?,"Yes, you can update your personal information such as address or phone number by logging into your online banking account and accessing the 'Profile' section."
What is the process to dispute a transaction?,"To dispute a transaction, contact our customer service with your account details and information about the transaction you wish to dispute."
How can I order a new checkbook?,"You can order a new checkbook through our online banking portal, mobile app, or by visiting any of our branches."
What are your fees for overdraft protection?,Fees for overdraft protection vary. Please refer to our fee schedule on our website or contact customer service for details.
How can I increase my credit limit?,"To request an increase in your credit limit, log into your online banking account and apply through the credit card section or call customer service."
How do I activate my new credit card?,Activate your new credit card by calling the activation number provided with your card or by logging into your online banking account.
Can I schedule recurring payments?,"Yes, you can schedule recurring payments through our online banking portal or mobile app by setting up automatic payments for your bills."
What is your bank’s policy on foreign transactions?,Foreign transaction fees and policies can be found on our website or by contacting customer service for details specific to your account.
How can I request a bank statement?,"You can request a bank statement through online banking, our mobile app, or by contacting customer service to have a statement mailed to you."
Do you offer financial planning services?,"Yes, we offer financial planning services. Please visit our website or contact our financial advisors for more information and to schedule a consultation."
What should I do if I suspect fraudulent activity on my account?,"If you suspect fraudulent activity, contact our customer service immediately to report it and secure your account."
How can I set up alerts for my account transactions?,You can set up account alerts by logging into your online banking account and selecting the 'Alerts' option to customize notifications for various account activities.
What is the maximum amount I can withdraw from an ATM?,The maximum ATM withdrawal limit varies by account type and location. Please check with your account details or contact customer service for specific limits.
Can I use my debit card internationally?,"Yes, you can use your debit card internationally. Notify us before traveling to avoid any issues with your card being blocked."
How can I check the status of my loan application?,"To check the status of your loan application, log into your online banking account or contact our loan department for updates."
What are your branch hours?,Branch hours vary by location. Please visit our website or contact your nearest branch for specific hours of operation.
How do I set up account alerts?,"Log into your online banking account, go to the 'Alerts' section, and choose the types of alerts you want to receive for your account activities."
What should I do if my account is frozen?,"If your account is frozen, contact our customer service immediately to resolve the issue and provide any necessary information."
Can I view my account history online?,"Yes, you can view your account history online by logging into your online banking account and accessing the 'Account History' section."
How can I get a loan for a new car?,"To apply for a car loan, visit our website to complete the online application or visit a branch to speak with a loan officer."
Do you offer mobile check deposit?,"Yes, we offer mobile check deposit through our banking app. Simply take a photo of the check and follow the instructions in the app."
How do I stop payment on a check?,"To stop payment on a check, contact our customer service or visit a branch with your account details and information about the check."
What is your policy on account minimum balances?,Our policy on minimum balances varies by account type. Please review the account details on our website or contact customer service for specifics.
How can I add an authorized user to my account?,"To add an authorized user, visit a branch or log into your online banking account and follow the instructions to add a new user."
How do I set up online banking?,"To set up online banking, visit our website and follow the instructions to register for online access using your account information."
Can I link multiple accounts for easier management?,"Yes, you can link multiple accounts for easier management through our online banking platform or mobile app."
How do I update my account preferences?,Update your account preferences by logging into your online banking account and navigating to the 'Settings' or 'Preferences' section.
Can I get a temporary credit limit increase?,"To request a temporary credit limit increase, contact customer service or log into your online banking account and apply for a temporary increase."
How do I check if my application is approved?,You can check the status of your application by logging into your online banking account or contacting customer service for an update.
How can I change my PIN?,"To change your PIN, log into your online banking account or visit an ATM and follow the instructions to update your PIN."
Do you offer investment services?,"Yes, we offer a range of investment services. Please visit our investment services page or contact a financial advisor for more information."
How can I request a stop payment on a check?,Request a stop payment on a check by contacting our customer service or through online banking if the option is available.
What are your options for retirement accounts?,"We offer various retirement account options, including IRAs and 401(k)s. Please visit our retirement planning page or consult a financial advisor."
Can I get assistance with budgeting?,"Yes, we offer budgeting assistance and financial planning services. Please contact us to schedule a consultation with one of our advisors."
How can I enroll in e-statements?,"To enroll in e-statements, log into your online banking account and select the 'Statements' section to opt-in for electronic delivery."
What should I do if I receive a suspicious email claiming to be from the bank?,Do not click any links or provide personal information. Forward the email to our fraud department at fraud@example.com for investigation.
How can I get a copy of my credit report?,You can request a copy of your credit report through the credit reporting agencies or check if it is available through your online banking account.
Do you offer student accounts?,"Yes, we offer student accounts with special features and benefits. Please visit our student accounts page or contact customer service for details."
How do I change my contact information?,"To change your contact information, log into your online banking account and update your details in the 'Profile' section."
Can I set up alerts for unusual account activity?,"Yes, you can set up alerts for unusual account activity through our online banking platform or mobile app to monitor your account more closely."
What is your policy on wire transfers?,"Our policy on wire transfers includes fees and limits, which can be found on our website or by contacting customer service for detailed information."
How can I cancel a scheduled payment?,"To cancel a scheduled payment, log into your online banking account, navigate to 'Scheduled Payments,' and follow the instructions to cancel."
What should I do if I suspect my account has been compromised?,Immediately contact our customer service to report the issue and take steps to secure your account from further unauthorized access.
Can I get a loan for home improvement?,"Yes, we offer loans for home improvement. Apply online or visit a branch to speak with a loan officer about your options."
How can I request a change in my account type?,"To request a change in your account type, contact customer service or visit a branch to discuss the available options and requirements."
How do I access my account statements online?,Log into your online banking account and navigate to the 'Statements' section to view and download your account statements.
What are your policies on account overdraft?,Our policies on overdraft protection and fees can be found on our website or by contacting customer service for specific details.
How can I get help with online banking issues?,"For assistance with online banking issues, contact our customer support team or visit a branch for in-person help."
Do you offer business banking services?,"Yes, we offer a range of business banking services. Please visit our business banking page or contact a representative for more information."
How can I find the nearest branch or ATM?,You can find the nearest branch or ATM by using the branch locator tool on our website or mobile app.
Can I access my account through a mobile app?,"Yes, you can access your account through our mobile app available for download on both iOS and Android devices."
What are your fees for international wire transfers?,Fees for international wire transfers can be found on our fee schedule on our website or by contacting customer service.
How do I change my account password?,"To change your account password, log into your online banking account, go to the 'Security' settings, and follow the instructions to update your password."
Can I add a joint account holder?,"Yes, you can add a joint account holder by visiting a branch or updating your account details through online banking."
How can I get a loan statement?,"Request a loan statement by logging into your online banking account, contacting customer service, or by visiting a branch."
Do you offer personal finance advice?,"Yes, we offer personal finance advice and financial planning services. Contact us to schedule a meeting with one of our financial advisors."
How do I activate a new debit card?,Activate your new debit card by calling the activation number provided with your card or by logging into your online banking account.
Can I set up account notifications?,"Yes, you can set up account notifications through our online banking portal or mobile app to receive alerts for various account activities."
How do I apply for a credit card?,"To apply for a credit card, visit our website and complete the online application form or visit a branch to apply in person."
What are the benefits of having a premium account?,"Premium accounts offer additional benefits such as higher interest rates, lower fees, and exclusive services. Please check our website for more details."
How can I update my email address?,Update your email address by logging into your online banking account and accessing the 'Profile' or 'Contact Information' section.
Can I get assistance with financial planning?,"Yes, we offer financial planning assistance. Contact our financial advisors to get help with planning and managing your finances."
What is the process for applying for a mortgage?,"Apply for a mortgage by visiting our website, completing the online application, or visiting a branch to discuss your options with a loan officer."
How do I set up auto-pay for my bills?,Set up auto-pay for your bills through our online banking portal or mobile app by selecting 'Bill Pay' and configuring automatic payments.
What should I do if I receive an unexpected charge on my account?,Review the charge details and contact customer service if you believe the charge is incorrect or unauthorized.
How can I verify my account information?,Verify your account information by logging into your online banking account or contacting customer service for assistance.
Do you offer retirement planning services?,"Yes, we offer retirement planning services. Contact us to schedule a meeting with a retirement planning advisor."
How do I check my credit score?,You can check your credit score through our online banking platform or by requesting a credit report from credit reporting agencies.
What are your policies on account closure fees?,"Account closure fees, if any, are detailed in our fee schedule. Please review the information on our website or contact customer service."
Can I transfer money internationally?,"Yes, you can transfer money internationally. Check our website or contact customer service for details on international transfer options and fees."
How can I get a replacement for a damaged card?,"To get a replacement for a damaged card, contact customer service or visit a branch to request a new card."
Do you offer student loan services?,"Yes, we offer student loan services. Please visit our website or contact our loan department for information on student loan options."
How do I dispute a charge on my credit card?,"To dispute a charge, contact our customer service with the details of the charge and any supporting documentation."
What is your policy on account inactivity fees?,Account inactivity fees and policies are detailed in our fee schedule. Please review the information on our website or contact customer service.
Can I link my accounts for easier access?,"Yes, you can link your accounts for easier access through our online banking platform or mobile app."
How do I set up a new savings account?,"To set up a new savings account, visit our website or a branch and provide the necessary identification and documentation."
How can I change my account type?,"To change your account type, contact customer service or visit a branch to discuss the available options and requirements."
Can I get a financial advisor appointment?,"Yes, you can schedule an appointment with a financial advisor by contacting our office or visiting our website to set up a meeting."
What should I do if I receive a suspicious call claiming to be from the bank?,Do not provide any personal information. Hang up and contact customer service using our official phone number to verify the call's legitimacy.
How can I request a credit increase on my card?,Request a credit increase by logging into your online banking account or contacting customer service to discuss your request.
Can I get a loan for home renovation?,"Yes, we offer loans for home renovation. Apply online or visit a branch to speak with a loan officer about your options."
What are the benefits of having a checking account?,"Checking accounts offer features such as easy access to funds, direct deposit, and check writing. Review our account options for more details."
How do I update my mailing address?,Update your mailing address by logging into your online banking account or contacting customer service to update your records.
Do you offer travel insurance?,"Yes, we offer travel insurance. Please visit our website or contact customer service for more information on travel insurance options."
How can I get help with financial emergencies?,"For help with financial emergencies, contact customer service to discuss available options and support."
Can I view my account activity history?,"Yes, you can view your account activity history by logging into your online banking account and accessing the 'Account Activity' section."
How do I activate my new credit card?,Activate your new credit card by calling the activation number provided with your card or by logging into your online banking account.
Can I get a loan for debt consolidation?,"Yes, we offer loans for debt consolidation. Apply online or visit a branch to discuss your options with a loan officer."
What is your policy on returned checks?,"Our policy on returned checks, including fees and procedures, can be found on our website or by contacting customer service."
How do I set up an automatic transfer between accounts?,"Set up an automatic transfer by logging into your online banking account, selecting 'Transfer Funds,' and scheduling the transfers."
Can I access my account through a web browser?,"Yes, you can access your account through a web browser by logging into our online banking platform."
How can I request a temporary increase in my withdrawal limit?,"To request a temporary increase in your withdrawal limit, contact customer service or visit a branch to discuss your request."
Do you offer account protection services?,"Yes, we offer account protection services. Contact customer service or visit our website for information on available protection options."
How do I access my tax documents?,Access your tax documents by logging into your online banking account and navigating to the 'Tax Documents' section.
Can I get help with budgeting and financial planning?,"Yes, we offer budgeting and financial planning assistance. Contact us to schedule a meeting with one of our financial advisors."
How do I change my account settings?,Change your account settings by logging into your online banking account and navigating to the 'Settings' section.
Can I get a loan for a business?,"Yes, we offer business loans. Apply online or visit a branch to discuss your business loan options with a loan officer."
What are your procedures for account reconciliation?,Account reconciliation procedures can be found on our website or by contacting customer service for specific details.
How can I get help with my mortgage application?,"For help with your mortgage application, contact our mortgage department or visit a branch to speak with a loan officer."
What should I do if I notice an unauthorized transaction?,Report any unauthorized transactions to customer service immediately to resolve the issue and secure your account.
Can I get a credit report through your bank?,Credit reports are available through credit reporting agencies. Check if you have access through your online banking account.
How do I apply for a personal loan?,Apply for a personal loan by visiting our website to complete the online application or visit a branch to discuss your options with a loan officer.
Can I link my bank account to my mobile wallet?,"Yes, you can link your bank account to your mobile wallet. Follow the instructions provided by your mobile wallet app to add your account."
What are your fees for account maintenance?,Fees for account maintenance can be found on our fee schedule. Please review the information on our website or contact customer service.
How can I request a new debit card?,Request a new debit card by contacting customer service or visiting a branch to order a replacement card.
Do you offer insurance products?,"Yes, we offer various insurance products. Please visit our website or contact customer service for more information on insurance options."
How do I manage my account alerts?,Manage your account alerts by logging into your online banking account and accessing the 'Alerts' section to customize your notifications.
Can I set up a recurring transfer between my accounts?,"Yes, you can set up a recurring transfer by logging into your online banking account and scheduling the transfer under 'Transfer Funds.'"
What are your policies on account minimum balances?,Account minimum balance requirements are detailed in our account terms and conditions. Review the information on our website or contact customer service.
How can I apply for a car loan?,Apply for a car loan by visiting our website to complete the online application or visit a branch to discuss your options with a loan officer.
Can I get help with tax filing?,"For help with tax filing, consider consulting with a tax advisor or financial planner. We may also offer resources and assistance through our services."
How do I set up a joint account?,"To set up a joint account, visit a branch or contact customer service to complete the necessary paperwork and provide identification for all account holders."
Can I get a temporary overdraft limit increase?,"Yes, you can request a temporary overdraft limit increase by contacting customer service or visiting a branch to discuss your needs."
How do I close my account?,"To close your account, contact customer service or visit a branch to complete the account closure process."
Can I get a copy of my account contract?,Request a copy of your account contract by contacting customer service or accessing your account documents through our online banking portal.
How can I get financial advice for retirement planning?,Contact our retirement planning advisors to schedule a meeting and get personalized financial advice for your retirement planning needs.
What should I do if I forget my online banking password?,Reset your online banking password by following the instructions on the login page or contacting customer service for assistance.
Do you offer investment services?,"Yes, we offer investment services. Contact us or visit our website to learn more about our investment options and services."
What are your procedures for reporting lost or stolen cards?,Report lost or stolen cards immediately by contacting customer service to block the card and request a replacement.
How can I access my account statements?,Access your account statements by logging into your online banking account and navigating to the 'Statements' section.
Can I get help with student budgeting?,"Yes, we offer budgeting assistance for students. Contact our financial advisors to get help with managing your finances while studying."
How do I apply for a personal line of credit?,Apply for a personal line of credit by visiting our website or a branch to complete the application process with a loan officer.
Can I get a copy of my account history?,"Yes, you can get a copy of your account history by logging into your online banking account and requesting the information through the 'Account Activity' section."
What are your procedures for handling fraudulent transactions?,Procedures for handling fraudulent transactions are detailed on our website. Contact customer service immediately if you suspect fraud.
How do I set up a new direct deposit?,Set up a new direct deposit by providing your employer with your bank account details and instructions or by configuring it through your online banking account.
Can I access my account through a phone call?,Most account services are available through phone support. Contact customer service for assistance with your account over the phone.
How can I manage my account settings?,Manage your account settings by logging into your online banking account and accessing the 'Settings' section.
Do you offer financial literacy resources?,"Yes, we offer financial literacy resources. Visit our website or contact customer service to access educational materials and workshops."
What is your policy on account inactivity fees?,Account inactivity fees and policies are detailed in our fee schedule. Please review the information on our website or contact customer service for details.
How do I apply for a business credit card?,Apply for a business credit card by visiting our website and completing the online application or by contacting our business credit department.
Can I get help with understanding my account statement?,"Yes, you can get help with understanding your account statement by contacting customer service for clarification on any charges or details."
What should I do if I have a question about my loan?,"For questions about your loan, contact our loan department or visit a branch to speak with a loan officer for assistance."
What are your policies on account inactivity fees?,Account inactivity fees and policies are detailed in our fee schedule. Please review the information on our website or contact customer service for details.
Hi,"Hi there, My name is Alice from XYZ Bank. How may I help you?"
Tell me about your services,"We are leading international bank, having branches in 5 cities across the Globe. We provide Savings Account, Current Account, Loans and Credit Cards."
